Tumor_Sample_Barcode	total	total_perMB	total_perMB_log	group
TCGA-EB-A4IQ-01	7	0.18421052631578946	-0.7346855566025533	Primary
TCGA-EB-A4OZ-01	10	0.2631578947368421	-0.5797835966168102	Primary
TCGA-FR-A2OS-01	13	0.34210526315789475	-0.4658402443099734	Primary
TCGA-EB-A3XE-01	19	0.5	-0.3010299956639812	Primary
TCGA-D3-A5GT-01	23	0.6052631578947368	-0.21805576059921727	Primary
TCGA-D9-A4Z2-01	23	0.6052631578947368	-0.21805576059921727	Primary
TCGA-EB-A5SF-01	26	0.6842105263157895	-0.16481024864599217	Primary
TCGA-EB-A3HV-01	38	1	0	Primary
TCGA-EB-A5VU-01	41	1.0789473684210527	0.033000260102925345	Primary
TCGA-EB-A4OY-01	51	1.3421052631578947	0.1277865794811262	Primary
TCGA-EB-A57M-01	52	1.368421052631579	0.136219747017989	Primary
TCGA-ER-A2NF-01	53	1.394736842105263	0.14449227298397885	Primary
TCGA-ER-A42H-01	54	1.4210526315789473	0.15261016320615833	Primary
TCGA-D9-A4Z5-01	64	1.6842105263157894	0.226396377367077	Primary
TCGA-EB-A42Y-01	64	1.6842105263157894	0.226396377367077	Primary
TCGA-ER-A2NB-01	67	1.763157894736842	0.24629120608401625	Primary
TCGA-BF-A3DN-01	69	1.8157894736842106	0.25906549412044516	Primary
TCGA-EB-A42Z-01	91	2.3947368421052633	0.3792577957042835	Primary
TCGA-GF-A769-01	118	3.1052631578947367	0.4920984106893152	Primary
TCGA-BF-A3DJ-01	120	3.1578947368421053	0.49939764943081466	Primary
TCGA-EB-A44N-01	123	3.236842105263158	0.5101215148225878	Primary
TCGA-D9-A3Z4-01	124	3.263157894736842	0.5136380885454249	Primary
TCGA-BF-A5EP-01	140	3.6842105263157894	0.5663444390614278	Primary
TCGA-EB-A4P0-01	150	3.9473684210526314	0.5963076624388711	Primary
TCGA-BF-A5ER-01	156	4.105263157894737	0.6133410017376515	Primary
TCGA-FW-A5DX-01	157	4.131578947368421	0.6161160557924236	Primary
TCGA-ER-A19T-01	213	5.605263157894737	0.7485960068219276	Primary
TCGA-EB-A6QZ-01	224	5.894736842105263	0.7704644217173526	Primary
TCGA-EB-A5SE-01	225	5.921052631578948	0.7723989214945524	Primary
TCGA-ER-A196-01	244	6.421052631578948	0.8076062297219193	Primary
TCGA-BF-A1PV-01	251	6.605263157894737	0.819890124864228	Primary
TCGA-EB-A44P-01	271	7.131578947368421	0.8531856942575956	Primary
TCGA-GN-A4U5-01	272	7.157894736842105	0.8547853074173886	Primary
TCGA-EB-A553-01	276	7.2631578947368425	0.8611254854484076	Primary
TCGA-EB-A551-01	285	7.5	0.8750612633917001	Primary
TCGA-EB-A1NK-01	292	7.684210526315789	0.8855992548316082	Primary
TCGA-EB-A24C-01	305	8.026315789473685	0.9045162427299758	Primary
TCGA-EB-A6R0-01	311	8.18421052631579	0.9129767924100274	Primary
TCGA-EB-A3XD-01	314	8.263157894736842	0.9171460514564048	Primary
TCGA-EB-A41B-01	319	8.394736842105264	0.924007086440371	Primary
TCGA-EB-A3XF-01	321	8.447368421052632	0.926721435788062	Primary
TCGA-EB-A5FP-01	322	8.473684210526315	0.9280722750790207	Primary
TCGA-EB-A3XC-01	326	8.578947368421053	0.9334340034511289	Primary
TCGA-FR-A3R1-01	326	8.578947368421053	0.9334340034511289	Primary
TCGA-FR-A728-01	328	8.631578947368421	0.936090247094869	Primary
TCGA-EB-A430-01	341	8.973684210526315	0.9529707823756876	Primary
TCGA-BF-A3DL-01	364	9.578947368421053	0.9813177870322458	Primary
TCGA-BF-A3DM-01	374	9.842105263157896	0.99308800558367	Primary
TCGA-ER-A19K-01	381	10.026315789473685	1.001141379058809	Primary
TCGA-GF-A2C7-01	381	10.026315789473685	1.001141379058809	Primary
TCGA-EB-A4XL-01	384	10.105263157894736	1.0045476277507206	Primary
TCGA-EB-A44O-01	406	10.68421052631579	1.028742436960384	Primary
TCGA-BF-A5ES-01	407	10.710526315789474	1.02981081260841	Primary
TCGA-EB-A3XB-01	416	10.947368421052632	1.0393097340099327	Primary
TCGA-EB-A4IS-01	438	11.526315789473685	1.0616905138872894	Primary
TCGA-GN-A263-01	460	12.105263157894736	1.082974235064764	Primary
TCGA-EB-A5UM-01	469	12.342105263157896	1.091389246098273	Primary
TCGA-EB-A3Y6-01	486	12.789473684210526	1.1068526726454833	Primary
TCGA-BF-A5EQ-01	492	12.947368421052632	1.1121815061505502	Primary
TCGA-EB-A6QY-01	498	13.105263157894736	1.1174457461429073	Primary
TCGA-BF-A5EO-01	511	13.447368421052632	1.1286373035179025	Primary
TCGA-GN-A269-01	575	15.131578947368421	1.1798842480728204	Primary
TCGA-EB-A299-01	579	15.236842105263158	1.1828949671106261	Primary
TCGA-FS-A1ZN-01	650	17.105263157894736	1.2331297600260454	Primary
TCGA-D9-A4Z3-01	672	17.68421052631579	1.2475856764370152	Primary
TCGA-EB-A24D-01	681	17.92105263157895	1.253363515295975	Primary
TCGA-BF-A1PX-01	682	17.94736842105263	1.2540007780396687	Primary
TCGA-EB-A3Y7-01	919	24.18421052631579	1.383531914769301	Primary
TCGA-ER-A194-01	1108	29.157894736842106	1.4647561637756008	Primary
TCGA-IH-A3EA-01	1237	32.55263157894737	1.5125861030123104	Primary
TCGA-EB-A431-01	1364	35.89473684210526	1.55503077370365	Primary
TCGA-BF-A1PU-01	1398	36.78947368421053	1.5657235747928524	Primary
TCGA-EB-A41A-01	1508	39.68421052631579	1.598617744916945	Primary
TCGA-BF-A1PZ-01	1590	41.8421052631579	1.6216135277036414	Primary
TCGA-GN-A26C-01	2411	63.44736842105263	1.8024136137606435	Primary
TCGA-BF-A1Q0-01	2582	67.94736842105263	1.8321726413135913	Primary
TCGA-FR-A726-01	5748	151.26315789473685	2.1797331628453778	Primary
TCGA-D3-A8GE-06	6	0.15789473684210525	-0.8016323462331666	Metastatic
TCGA-RP-A690-06	15	0.39473684210526316	-0.40369233756112893	Metastatic
TCGA-EB-A6L9-06	17	0.4473684210526316	-0.34933467523853623	Metastatic
TCGA-ER-A3ES-06	21	0.5526315789473685	-0.25756430188289087	Metastatic
TCGA-EE-A20I-06	22	0.5789473684210527	-0.23736091579460392	Metastatic
TCGA-D3-A51K-06	23	0.6052631578947368	-0.21805576059921727	Metastatic
TCGA-D3-A51H-06	28	0.7368421052631579	-0.13262556527459096	Metastatic
TCGA-D3-A1Q9-06	30	0.7894736842105263	-0.10266234189714771	Metastatic
TCGA-FR-A7U8-06	30	0.7894736842105263	-0.10266234189714771	Metastatic
TCGA-EB-A5KH-06	35	0.9210526315789473	-0.035715552266534535	Metastatic
TCGA-FS-A4F4-06	38	1	0	Metastatic
TCGA-EB-A44Q-06	41	1.0789473684210527	0.033000260102925345	Metastatic
TCGA-ER-A197-06	44	1.1578947368421053	0.0636690798693773	Metastatic
TCGA-FW-A3I3-06	45	1.1842105263157894	0.07342891715853349	Metastatic
TCGA-EB-A44R-06	46	1.2105263157894737	0.08297423506476391	Metastatic
TCGA-GN-A8LL-06	46	1.2105263157894737	0.08297423506476391	Metastatic
TCGA-FS-A1YX-06	49	1.2894736842105263	0.11041248341170351	Metastatic
TCGA-RP-A6K9-06	49	1.2894736842105263	0.11041248341170351	Metastatic
TCGA-FS-A1ZH-06	54	1.4210526315789473	0.15261016320615833	Metastatic
TCGA-GN-A4U9-06	58	1.5263157894736843	0.18364439694612714	Metastatic
TCGA-ER-A19L-06	59	1.5526315789473684	0.191068415025334	Metastatic
TCGA-D3-A3MO-06	61	1.605263157894737	0.20554623839395691	Metastatic
TCGA-WE-AA9Y-06	61	1.605263157894737	0.20554623839395691	Metastatic
TCGA-D3-A3BZ-06	62	1.631578947368421	0.21260809288144372	Metastatic
TCGA-YG-AA3P-06	64	1.6842105263157894	0.226396377367077	Metastatic
TCGA-D9-A6EG-06	65	1.7105263157894737	0.2331297600260454	Metastatic
TCGA-WE-A8ZM-06	72	1.894736842105263	0.2775488998144583	Metastatic
TCGA-D3-A1Q7-06	76	2	0.3010299956639812	Metastatic
TCGA-ER-A3EV-06	78	2.0526315789473686	0.3123110060736703	Metastatic
TCGA-D3-A51N-06	83	2.1842105263157894	0.33929449575926374	Metastatic
TCGA-D3-A3CC-06	86	2.263157894736842	0.35471485462675756	Metastatic
TCGA-EB-A5SH-06	88	2.3157894736842106	0.3646990755333585	Metastatic
TCGA-ER-A3ET-06	88	2.3157894736842106	0.3646990755333585	Metastatic
TCGA-D3-A8GD-06	97	2.5526315789473686	0.4069881376494347	Metastatic
TCGA-ER-A2ND-06	100	2.6315789473684212	0.4202164033831899	Metastatic
TCGA-D3-A51F-06	101	2.6578947368421053	0.4245377771658324	Metastatic
TCGA-D3-A3CF-06	102	2.6842105263157894	0.4288165751451074	Metastatic
TCGA-FR-A8YD-06	104	2.736842105263158	0.4372497426819702	Metastatic
TCGA-DA-A1I2-06	105	2.763157894736842	0.4414057024531279	Metastatic
TCGA-FS-A1ZY-06	108	2.8421052631578947	0.45364015887013953	Metastatic
TCGA-D9-A3Z3-06	111	2.9210526315789473	0.46553938216984725	Metastatic
TCGA-HR-A2OH-06	117	3.0789473684210527	0.4884022651293515	Metastatic
TCGA-FS-A1ZE-06	118	3.1052631578947367	0.4920984106893152	Metastatic
TCGA-GN-A9SD-06	125	3.289473684210526	0.5171264163912462	Metastatic
TCGA-EE-A3J3-06	131	3.4473684210526314	0.5374876990389541	Metastatic
TCGA-D3-A3C1-06	134	3.526315789473684	0.5473212017479975	Metastatic
TCGA-WE-A8ZN-06	134	3.526315789473684	0.5473212017479975	Metastatic
TCGA-DA-A95W-06	136	3.5789473684210527	0.5537553117534073	Metastatic
TCGA-3N-A9WB-06	138	3.6315789473684212	0.5600954897844264	Metastatic
TCGA-DA-A1I8-06	138	3.6315789473684212	0.5600954897844264	Metastatic
TCGA-EE-A3JH-06	142	3.736842105263158	0.5725047477662464	Metastatic
TCGA-D3-A8GJ-06	146	3.8421052631578947	0.5845692591676269	Metastatic
TCGA-FS-A1YW-06	146	3.8421052631578947	0.5845692591676269	Metastatic
TCGA-FS-A1ZT-06	146	3.8421052631578947	0.5845692591676269	Metastatic
TCGA-ER-A2NE-06	147	3.8684210526315788	0.5875337381313659	Metastatic
TCGA-FS-A1ZU-06	149	3.9210526315789473	0.5934026717954639	Metastatic
TCGA-FW-A5DY-06	149	3.9210526315789473	0.5934026717954639	Metastatic
TCGA-WE-A8ZQ-06	149	3.9210526315789473	0.5934026717954639	Metastatic
TCGA-FS-A4F8-06	150	3.9473684210526314	0.5963076624388711	Metastatic
TCGA-FR-A7UA-06	151	3.973684210526316	0.5991933506763593	Metastatic
TCGA-FS-A1Z7-06	151	3.973684210526316	0.5991933506763593	Metastatic
TCGA-ER-A19A-06	153	4.026315789473684	0.6049078342007886	Metastatic
TCGA-FS-A4FB-06	153	4.026315789473684	0.6049078342007886	Metastatic
TCGA-D9-A6E9-06	155	4.078947368421052	0.6105481015534813	Metastatic
TCGA-ER-A42K-06	162	4.2631578947368425	0.6297314179258209	Metastatic
TCGA-EE-A20B-06	164	4.315789473684211	0.6350602514308877	Metastatic
TCGA-FS-A1YY-06	165	4.342105263157895	0.6377003475970962	Metastatic
TCGA-WE-A8JZ-06	165	4.342105263157895	0.6377003475970962	Metastatic
TCGA-Z2-AA3S-06	170	4.473684210526316	0.6506653247614638	Metastatic
TCGA-D3-A8GS-06	172	4.526315789473684	0.6557448502907387	Metastatic
TCGA-ER-A19J-06	181	4.7631578947368425	0.6778949782523744	Metastatic
TCGA-FR-A69P-06	181	4.7631578947368425	0.6778949782523744	Metastatic
TCGA-EE-A185-06	184	4.842105263157895	0.6850342263927263	Metastatic
TCGA-GN-A264-06	184	4.842105263157895	0.6850342263927263	Metastatic
TCGA-D3-A8GN-06	188	4.947368421052632	0.6943742526468697	Metastatic
TCGA-D9-A1JX-06	194	5.105263157894737	0.7080181333134159	Metastatic
TCGA-ER-A19S-06	194	5.105263157894737	0.7080181333134159	Metastatic
TCGA-EE-A2MH-06	195	5.131578947368421	0.7102510147457078	Metastatic
TCGA-WE-A8ZY-06	195	5.131578947368421	0.7102510147457078	Metastatic
TCGA-D3-A1Q8-06	199	5.2368421052631575	0.7190694797928965	Metastatic
TCGA-FS-A1ZF-06	200	5.2631578947368425	0.721246399047171	Metastatic
TCGA-WE-AAA4-06	201	5.2894736842105265	0.7234124608036787	Metastatic
TCGA-GN-A4U7-06	203	5.342105263157895	0.7277124412964028	Metastatic
TCGA-LH-A9QB-06	204	5.368421052631579	0.7298465708090885	Metastatic
TCGA-GF-A4EO-06	207	5.447368421052632	0.7361867488401076	Metastatic
TCGA-EE-A29A-06	209	5.5	0.7403626894942439	Metastatic
TCGA-WE-A8K6-06	209	5.5	0.7403626894942439	Metastatic
TCGA-D3-A2J9-06	211	5.552631578947368	0.7444988586808825	Metastatic
TCGA-D3-A5GR-06	212	5.578947368421052	0.7465522643119412	Metastatic
TCGA-ER-A19O-06	214	5.631578947368421	0.7506301767323806	Metastatic
TCGA-EE-A3J8-06	216	5.684210526315789	0.7546701545341208	Metastatic
TCGA-D3-A3C3-06	222	5.842105263157895	0.7665693778338285	Metastatic
TCGA-ER-A2NG-06	222	5.842105263157895	0.7665693778338285	Metastatic
TCGA-EB-A5SG-06	225	5.921052631578948	0.7723989214945524	Metastatic
TCGA-DA-A1I4-06	228	6	0.7781512503836436	Metastatic
TCGA-DA-A95V-06	230	6.052631578947368	0.7819442394007827	Metastatic
TCGA-D3-A51E-06	232	6.105263157894737	0.7857043882740895	Metastatic
TCGA-FS-A1ZS-06	233	6.131578947368421	0.7875723244092089	Metastatic
TCGA-D9-A4Z6-06	239	6.2894736842105265	0.7986143043313275	Metastatic
TCGA-EE-A3JE-06	239	6.2894736842105265	0.7986143043313275	Metastatic
TCGA-FR-A44A-06	241	6.342105263157895	0.8022334459580582	Metastatic
TCGA-ER-A199-06	244	6.421052631578948	0.8076062297219193	Metastatic
TCGA-DA-A3F3-06	255	6.7105263157894735	0.826756583817145	Metastatic
TCGA-GN-A4U3-06	257	6.7631578947368425	0.8301495267144844	Metastatic
TCGA-ER-A2NF-06	261	6.868421052631579	0.8368569107214708	Metastatic
TCGA-D3-A2JE-06	265	6.973684210526316	0.8434622773199977	Metastatic
TCGA-EE-A3J4-06	266	7	0.8450980400142568	Metastatic
TCGA-EE-A29W-06	267	7.026315789473684	0.8467276647477651	Metastatic
TCGA-FW-A3TV-06	269	7.078947368421052	0.8499686833855978	Metastatic
TCGA-EE-A29H-06	270	7.105263157894737	0.8515801675421771	Metastatic
TCGA-YD-A9TB-06	271	7.131578947368421	0.8531856942575956	Metastatic
TCGA-ER-A19W-06	273	7.184210526315789	0.8563790504239459	Metastatic
TCGA-EE-A2MN-06	277	7.2894736842105265	0.8626961724476384	Metastatic
TCGA-FR-A8YE-06	277	7.2894736842105265	0.8626961724476384	Metastatic
TCGA-WE-A8K1-06	277	7.2894736842105265	0.8626961724476384	Metastatic
TCGA-D3-A1Q4-06	279	7.342105263157895	0.8658206066567874	Metastatic
TCGA-DA-A3F5-06	283	7.447368421052632	0.8720028389074801	Metastatic
TCGA-ER-A3PL-06	286	7.526315789473684	0.8765824365122329	Metastatic
TCGA-EE-A17Y-06	291	7.657894736842105	0.8841093923690971	Metastatic
TCGA-EE-A2GS-06	292	7.684210526315789	0.8855992548316082	Metastatic
TCGA-WE-AAA3-06	295	7.7631578947368425	0.8900384193613529	Metastatic
TCGA-D3-A1Q5-06	296	7.7894736842105265	0.8915081144421284	Metastatic
TCGA-EE-A2GL-06	298	7.842105263157895	0.894432667459445	Metastatic
TCGA-WE-A8ZO-06	300	7.894736842105263	0.8973376581028523	Metastatic
TCGA-D3-A2JA-06	304	8	0.9030899869919435	Metastatic
TCGA-D3-A8GR-06	306	8.052631578947368	0.9059378298647698	Metastatic
TCGA-DA-A1IA-06	308	8.105263157894736	0.9087671198836341	Metastatic
TCGA-GF-A6C8-06	316	8.31578947368421	0.9199034860015937	Metastatic
TCGA-EE-A29T-06	317	8.342105263157896	0.9212756656009414	Metastatic
TCGA-GN-A268-06	319	8.394736842105264	0.924007086440371	Metastatic
TCGA-D3-A5GS-06	320	8.421052631578947	0.9253663817030958	Metastatic
TCGA-D3-A8GV-06	334	8.789473684210526	0.9439628701947543	Metastatic
TCGA-EE-A2A1-06	335	8.81578947368421	0.9452612104200351	Metastatic
TCGA-GN-A4U8-06	335	8.81578947368421	0.9452612104200351	Metastatic
TCGA-ER-A2NC-06	337	8.868421052631579	0.9478463042545284	Metastatic
TCGA-D3-A2J7-06	341	8.973684210526315	0.9529707823756876	Metastatic
TCGA-D3-A1QB-06	345	9.078947368421053	0.958035498456464	Metastatic
TCGA-EE-A29C-06	351	9.236842105263158	0.9655235198490139	Metastatic
TCGA-Z2-AA3V-06	355	9.342105263157896	0.970444756438284	Metastatic
TCGA-D3-A5GL-06	359	9.447368421052632	0.975310851961509	Metastatic
TCGA-DA-A1HW-06	362	9.526315789473685	0.9789249739163556	Metastatic
TCGA-DA-A95Y-06	363	9.552631578947368	0.9801230284193023	Metastatic
TCGA-GN-A267-06	369	9.710526315789474	0.9872427695422502	Metastatic
TCGA-FS-A4F9-06	370	9.736842105263158	0.9884181274501849	Metastatic
TCGA-FS-A4FD-06	370	9.736842105263158	0.9884181274501849	Metastatic
TCGA-EE-A2A6-06	376	9.894736842105264	0.995404248310851	Metastatic
TCGA-D3-A51J-06	380	10	1	Metastatic
TCGA-BF-AAP0-06	384	10.105263157894736	1.0045476277507206	Metastatic
TCGA-WE-A8ZT-06	384	10.105263157894736	1.0045476277507206	Metastatic
TCGA-D3-A5GN-06	386	10.157894736842104	1.0068037080549448	Metastatic
TCGA-ER-A19D-06	386	10.157894736842104	1.0068037080549448	Metastatic
TCGA-ER-A19M-06	386	10.157894736842104	1.0068037080549448	Metastatic
TCGA-EE-A2MP-06	387	10.18421052631579	1.0079273684021013	Metastatic
TCGA-EB-A5UL-06	388	10.210526315789474	1.0090481289773972	Metastatic
TCGA-D9-A3Z1-06	398	10.473684210526315	1.0200994754568777	Metastatic
TCGA-D3-A3MV-06	401	10.552631578947368	1.023360776003372	Metastatic
TCGA-EE-A2GK-06	401	10.552631578947368	1.023360776003372	Metastatic
TCGA-D9-A1X3-06	404	10.631578947368421	1.0265977684937948	Metastatic
TCGA-D3-A3MU-06	407	10.710526315789474	1.02981081260841	Metastatic
TCGA-DA-A1I0-06	408	10.736842105263158	1.0308765664730697	Metastatic
TCGA-EE-A29P-06	409	10.763157894736842	1.0319397113905318	Metastatic
TCGA-ER-A198-06	414	10.894736842105264	1.0372167445040887	Metastatic
TCGA-ER-A19T-06	417	10.973684210526315	1.0403524583569472	Metastatic
TCGA-W3-AA21-06	419	11.026315789473685	1.0424304263494852	Metastatic
TCGA-DA-A95X-06	428	11.263157894736842	1.051660172396362	Metastatic
TCGA-EE-A180-06	440	11.578947368421053	1.0636690798693773	Metastatic
TCGA-GF-A3OT-06	445	11.710526315789474	1.0685764143641214	Metastatic
TCGA-GN-A26A-06	447	11.763157894736842	1.0705239265151263	Metastatic
TCGA-FS-A1ZJ-06	448	11.789473684210526	1.0714944173813339	Metastatic
TCGA-FS-A1ZD-06	449	11.81578947368421	1.0724627443865131	Metastatic
TCGA-FR-A3YN-06	456	12	1.0791812460476249	Metastatic
TCGA-FS-A4F0-06	457	12.026315789473685	1.08013260345304	Metastatic
TCGA-D3-A8GO-06	458	12.052631578947368	1.081081881387059	Metastatic
TCGA-WE-A8ZX-06	458	12.052631578947368	1.081081881387059	Metastatic
TCGA-EE-A2A5-06	461	12.131578947368421	1.083917328772838	Metastatic
TCGA-D3-A8GK-06	468	12.31578947368421	1.0904622564573139	Metastatic
TCGA-D3-A1Q1-06	470	12.368421052631579	1.0923142613189074	Metastatic
TCGA-EE-A2GD-06	471	12.394736842105264	1.093237310512086	Metastatic
TCGA-ER-A19Q-06	477	12.552631578947368	1.0987347824233038	Metastatic
TCGA-EE-A29B-06	487	12.81578947368421	1.1077453645978241	Metastatic
TCGA-D3-A8GP-06	491	12.921052631578947	1.1112978955061583	Metastatic
TCGA-EE-A2GU-06	495	13.026315789473685	1.1148216023167585	Metastatic
TCGA-EE-A2GP-06	506	13.31578947368421	1.124366920222989	Metastatic
TCGA-EE-A20H-06	508	13.368421052631579	1.1260801156671092	Metastatic
TCGA-EE-A2ME-06	509	13.394736842105264	1.1269341857199486	Metastatic
TCGA-EE-A3JB-06	509	13.394736842105264	1.1269341857199486	Metastatic
TCGA-EE-A2A0-06	515	13.552631578947368	1.1320236324243809	Metastatic
TCGA-EE-A3AH-06	515	13.552631578947368	1.1320236324243809	Metastatic
TCGA-HR-A2OG-06	515	13.552631578947368	1.1320236324243809	Metastatic
TCGA-D3-A3CB-06	520	13.68421052631579	1.136219747017989	Metastatic
TCGA-ER-A19E-06	527	13.868421052631579	1.1420270185957364	Metastatic
TCGA-D9-A6EA-06	532	14	1.146128035678238	Metastatic
TCGA-EE-A29R-06	539	14.18421052631579	1.1518051685699287	Metastatic
TCGA-EE-A2GB-06	562	14.789473684210526	1.169952718952251	Metastatic
TCGA-W3-AA1W-06	562	14.789473684210526	1.169952718952251	Metastatic
TCGA-D3-A2JG-06	563	14.81578947368421	1.1707247982345361	Metastatic
TCGA-EE-A2MU-06	567	14.921052631578947	1.1737994622760963	Metastatic
TCGA-GN-A4U4-06	567	14.921052631578947	1.1737994622760963	Metastatic
TCGA-EE-A29N-06	569	14.973684210526315	1.175328669778261	Metastatic
TCGA-EE-A2M6-06	569	14.973684210526315	1.175328669778261	Metastatic
TCGA-D3-A3C6-06	578	15.210526315789474	1.182144241803719	Metastatic
TCGA-ER-A19C-06	579	15.236842105263158	1.1828949671106261	Metastatic
TCGA-RP-A694-06	579	15.236842105263158	1.1828949671106261	Metastatic
TCGA-D3-A51R-06	580	15.263157894736842	1.1836443969461272	Metastatic
TCGA-FS-A1ZW-06	583	15.342105263157896	1.185884958142204	Metastatic
TCGA-FS-A4FC-06	593	15.605263157894736	1.1932710967474525	Metastatic
TCGA-EE-A29Q-06	598	15.736842105263158	1.1969175873716007	Metastatic
TCGA-EE-A2M7-06	598	15.736842105263158	1.1969175873716007	Metastatic
TCGA-FS-A1Z4-06	600	15.789473684210526	1.1983676537668335	Metastatic
TCGA-EB-A5UN-06	604	15.894736842105264	1.2012533420043217	Metastatic
TCGA-EE-A2MK-06	604	15.894736842105264	1.2012533420043217	Metastatic
TCGA-DA-A1HY-06	607	15.973684210526315	1.2034050944584473	Metastatic
TCGA-EE-A2MF-06	611	16.07894736842105	1.2062576136257441	Metastatic
TCGA-EE-A2MQ-06	612	16.105263157894736	1.206967825528751	Metastatic
TCGA-EE-A2GM-06	616	16.210526315789473	1.2097971155476153	Metastatic
TCGA-GN-A26D-06	618	16.263157894736842	1.2112048784720058	Metastatic
TCGA-D3-A5GU-06	621	16.342105263157894	1.21330800355977	Metastatic
TCGA-W3-AA1O-06	622	16.36842105263158	1.2140067880740086	Metastatic
TCGA-FW-A3TU-06	628	16.526315789473685	1.218176047120386	Metastatic
TCGA-DA-A1I5-06	630	16.57894736842105	1.2195569528367716	Metastatic
TCGA-ER-A195-06	633	16.657894736842106	1.2216201134005449	Metastatic
TCGA-FS-A4F5-06	633	16.657894736842106	1.2216201134005449	Metastatic
TCGA-EE-A2MC-06	641	16.86842105263158	1.2270744329020074	Metastatic
TCGA-D3-A2JH-06	644	16.94736842105263	1.229102270743002	Metastatic
TCGA-EE-A2ML-06	644	16.94736842105263	1.229102270743002	Metastatic
TCGA-EE-A3AB-06	651	17.13157894736842	1.2337973919513818	Metastatic
TCGA-EE-A2GE-06	656	17.263157894736842	1.2371202427588501	Metastatic
TCGA-EE-A29G-06	661	17.394736842105264	1.24041786286883	Metastatic
TCGA-RP-A693-06	665	17.5	1.2430380486862944	Metastatic
TCGA-EE-A17X-06	668	17.57894736842105	1.2449928658587355	Metastatic
TCGA-D3-A8GC-06	679	17.86842105263158	1.2520861776636916	Metastatic
TCGA-ER-A1A1-06	683	17.973684210526315	1.2546371070647224	Metastatic
TCGA-FR-A3YO-06	685	18.026315789473685	1.2559069748756155	Metastatic
TCGA-D3-A3MR-06	702	18.473684210526315	1.266553515512995	Metastatic
TCGA-D9-A149-06	706	18.57894736842105	1.2690211044349935	Metastatic
TCGA-RP-A695-06	714	18.789473684210527	1.2739146151593643	Metastatic
TCGA-FR-A729-06	720	18.94736842105263	1.2775488998144582	Metastatic
TCGA-D3-A2JN-06	722	19	1.2787536009528289	Metastatic
TCGA-FS-A1ZM-06	726	19.105263157894736	1.2811530240832836	Metastatic
TCGA-FS-A1ZC-06	733	19.289473684210527	1.2853203780243179	Metastatic
TCGA-D9-A1JW-06	742	19.526315789473685	1.290620308662217	Metastatic
TCGA-ER-A42L-06	748	19.68421052631579	1.2941180012476512	Metastatic
TCGA-W3-AA1Q-06	748	19.68421052631579	1.2941180012476512	Metastatic
TCGA-D3-A3ML-06	755	19.86842105263158	1.2981633550123781	Metastatic
TCGA-D3-A2JK-06	759	19.973684210526315	1.3004581792786702	Metastatic
TCGA-EE-A2M8-06	763	20.07894736842105	1.3027409413380704	Metastatic
TCGA-3N-A9WD-06	778	20.473684210526315	1.3111960003728789	Metastatic
TCGA-EE-A2MT-06	782	20.57894736842105	1.3134231564430379	Metastatic
TCGA-EE-A3J7-06	795	20.92105263157895	1.3205835320396602	Metastatic
TCGA-DA-A1IC-06	810	21.31578947368421	1.3287014222618396	Metastatic
TCGA-EE-A3JA-06	810	21.31578947368421	1.3287014222618396	Metastatic
TCGA-D9-A148-06	823	21.657894736842106	1.3356162385954597	Metastatic
TCGA-D3-A8GB-06	833	21.92105263157895	1.3408614047899774	Metastatic
TCGA-DA-A1I7-06	835	21.973684210526315	1.341902878866792	Metastatic
TCGA-FS-A1Z3-06	846	22.263157894736842	1.3475867664222134	Metastatic
TCGA-OD-A75X-06	849	22.342105263157894	1.3491240936271425	Metastatic
TCGA-EE-A3AF-06	861	22.657894736842106	1.3552195548368446	Metastatic
TCGA-ER-A2NH-06	868	22.842105263157894	1.3587361285596817	Metastatic
TCGA-D3-A2JB-06	872	22.94736842105263	1.360732888315757	Metastatic
TCGA-EE-A2MI-06	885	23.289473684210527	1.3671596740810152	Metastatic
TCGA-W3-A825-06	900	23.68421052631579	1.3744589128225146	Metastatic
TCGA-ER-A19G-06	924	24.31578947368421	1.3858883746032966	Metastatic
TCGA-EE-A2MG-06	926	24.36842105263158	1.3868273900651242	Metastatic
TCGA-WE-A8K5-06	926	24.36842105263158	1.3868273900651242	Metastatic
TCGA-D3-A2J8-06	928	24.42105263157895	1.387764379602052	Metastatic
TCGA-YG-AA3O-06	928	24.42105263157895	1.387764379602052	Metastatic
TCGA-D3-A1Q6-06	934	24.57894736842105	1.3905632796132832	Metastatic
TCGA-ER-A19H-06	938	24.68421052631579	1.3924192417622543	Metastatic
TCGA-EE-A2GJ-06	941	24.763157894736842	1.3938060268104469	Metastatic
TCGA-GN-A265-06	943	24.81578947368421	1.3947280961205182	Metastatic
TCGA-QB-A6FS-06	943	24.81578947368421	1.3947280961205182	Metastatic
TCGA-GN-A262-06	944	24.842105263157894	1.395188397681259	Metastatic
TCGA-D3-A51T-06	954	25.105263157894736	1.399764778087285	Metastatic
TCGA-EE-A3JI-06	971	25.55263157894737	1.4074356332911948	Metastatic
TCGA-D3-A51G-06	973	25.605263157894736	1.4083292436515418	Metastatic
TCGA-DA-A3F8-06	976	25.68421052631579	1.4096662210498816	Metastatic
TCGA-EE-A29S-06	980	25.789473684210527	1.4114424790756848	Metastatic
TCGA-EE-A29V-06	986	25.94736842105263	1.414093318324401	Metastatic
TCGA-EE-A29X-06	1006	26.473684210526315	1.4228143841030985	Metastatic
TCGA-FS-A1ZR-06	1012	26.63157894736842	1.4253969158869702	Metastatic
TCGA-EE-A2GH-06	1031	27.13157894736842	1.4334750686667064	Metastatic
TCGA-FS-A1Z0-06	1046	27.526315789473685	1.4397480879144453	Metastatic
TCGA-EE-A184-06	1063	27.973684210526315	1.4467496679064866	Metastatic
TCGA-FS-A1ZA-06	1065	28.026315789473685	1.4475660111579465	Metastatic
TCGA-EE-A17Z-06	1090	28.68421052631579	1.4576429013238135	Metastatic
TCGA-D3-A1QA-06	1094	28.789473684210527	1.4592337253806018	Metastatic
TCGA-FS-A1ZQ-06	1117	29.394736842105264	1.468269576498799	Metastatic
TCGA-ER-A19N-06	1120	29.473684210526315	1.4694344260533714	Metastatic
TCGA-W3-A828-06	1139	29.973684210526315	1.4767401274622902	Metastatic
TCGA-D3-A8GQ-06	1144	30.105263157894736	1.4786424278401953	Metastatic
TCGA-D3-A2JL-06	1178	31	1.4913616938342726	Metastatic
TCGA-D3-A2JD-06	1194	31.42105263157895	1.4972207301765401	Metastatic
TCGA-D3-A2JF-06	1194	31.42105263157895	1.4972207301765401	Metastatic
TCGA-WE-AAA0-06	1195	31.44736842105263	1.4975843086673464	Metastatic
TCGA-EE-A182-06	1199	31.55263157894737	1.4990355864820386	Metastatic
TCGA-W3-A824-06	1204	31.68421052631579	1.5008428903049955	Metastatic
TCGA-FS-A1ZB-06	1206	31.736842105263158	1.5015637111873223	Metastatic
TCGA-EE-A3AE-06	1216	32	1.505149978319906	Metastatic
TCGA-FS-A1ZP-06	1227	32.28947368421053	1.5090609661101941	Metastatic
TCGA-DA-A1HV-06	1236	32.526315789473685	1.5122348741359868	Metastatic
TCGA-QB-AA9O-06	1236	32.526315789473685	1.5122348741359868	Metastatic
TCGA-D3-A2JO-06	1265	33.28947368421053	1.5223069288950266	Metastatic
TCGA-EE-A2A2-06	1276	33.578947368421055	1.5260670777683334	Metastatic
TCGA-D3-A5GO-06	1279	33.6578947368421	1.5270869478618436	Metastatic
TCGA-EE-A2MM-06	1282	33.73684210526316	1.5281044285659884	Metastatic
TCGA-YD-A89C-06	1388	36.526315789473685	1.562605869502026	Metastatic
TCGA-D3-A2J6-06	1410	37.10526315789474	1.5694355160385698	Metastatic
TCGA-D3-A3C7-06	1414	37.21052631578947	1.5706658128440705	Metastatic
TCGA-FS-A1ZK-06	1414	37.21052631578947	1.5706658128440705	Metastatic
TCGA-D3-A1Q3-06	1421	37.39473684210526	1.5728104813106596	Metastatic
TCGA-W3-AA1R-06	1425	37.5	1.5740312677277188	Metastatic
TCGA-EE-A2GN-06	1470	38.68421052631579	1.587533738131366	Metastatic
TCGA-FR-A7U9-06	1479	38.921052631578945	1.5901845773800822	Metastatic
TCGA-D3-A8GL-06	1489	39.18421052631579	1.593111101135366	Metastatic
TCGA-ER-A19B-06	1493	39.28947368421053	1.5942762111082152	Metastatic
TCGA-FS-A1ZZ-06	1496	39.36842105263158	1.5951479969116324	Metastatic
TCGA-3N-A9WC-06	1505	39.60526315789474	1.597752903313052	Metastatic
TCGA-DA-A1I1-06	1506	39.63157894736842	1.5980413752478715	Metastatic
TCGA-D3-A3C8-06	1537	40.44736842105263	1.606890270882935	Metastatic
TCGA-EE-A2GI-06	1539	40.5	1.6074550232146685	Metastatic
TCGA-DA-A95Z-06	1573	41.39473684210526	1.6169451260064767	Metastatic
TCGA-EE-A3AD-06	1574	41.421052631578945	1.6172211314062355	Metastatic
TCGA-GN-A8LK-06	1628	42.8421052631579	1.6318708039363723	Metastatic
TCGA-ER-A19F-06	1633	42.973684210526315	1.633202588119858	Metastatic
TCGA-EE-A2GT-06	1656	43.578947368421055	1.6392767358320512	Metastatic
TCGA-ER-A193-06	1667	43.86842105263158	1.6421520032111951	Metastatic
TCGA-EE-A2MJ-06	1696	44.63157894736842	1.6496422513038849	Metastatic
TCGA-EE-A2GR-06	1712	45.05263157894737	1.6537201637243242	Metastatic
TCGA-EE-A3J5-06	1776	46.73684210526316	1.669659364825772	Metastatic
TCGA-EE-A20F-06	1816	47.78947368421053	1.6793322475682562	Metastatic
TCGA-FS-A1ZG-06	1822	47.94736842105263	1.6807647760201694	Metastatic
TCGA-EE-A3AC-06	1823	47.973684210526315	1.6810030720381661	Metastatic
TCGA-EE-A2GO-06	1859	48.921052631578945	1.6894957931550885	Metastatic
TCGA-EE-A3JD-06	1902	50.05263157894737	1.699426915984585	Metastatic
TCGA-EE-A3AG-06	1911	50.28947368421053	1.7014770904382026	Metastatic
TCGA-EE-A2GC-06	1914	50.36842105263158	1.7021583368240147	Metastatic
TCGA-EE-A2M5-06	1922	50.578947368421055	1.7039697867157164	Metastatic
TCGA-EE-A29M-06	1927	50.71052631578947	1.7050981180386429	Metastatic
TCGA-EE-A20C-06	2024	53.26315789473684	1.7264269115509514	Metastatic
TCGA-D3-A3CE-06	2063	54.28947368421053	1.7347156313563414	Metastatic
TCGA-DA-A1IB-06	2078	54.68421052631579	1.7378619466043483	Metastatic
TCGA-EE-A183-06	2121	55.81578947368421	1.7467570718997516	Metastatic
TCGA-EE-A2MD-06	2129	56.026315789473685	1.7483920648215123	Metastatic
TCGA-EE-A29L-06	2154	56.68421052631579	1.7534621023451527	Metastatic
TCGA-GF-A6C9-06	2267	59.6578947368421	1.7756679235097073	Metastatic
TCGA-Z2-A8RT-06	2373	62.44736842105263	1.795514141600529	Metastatic
TCGA-EE-A2MS-06	2421	63.71052631578947	1.8042111928249227	Metastatic
TCGA-FR-A8YC-06	2438	64.15789473684211	1.807250104665553	Metastatic
TCGA-EE-A3AA-06	2689	70.76315789473684	1.8498072056064914	Metastatic
TCGA-YD-A9TA-06	2719	71.55263157894737	1.85462561097069	Metastatic
TCGA-ER-A19P-06	2838	74.6842105263158	1.873228794504645	Metastatic
TCGA-EE-A2MR-06	2866	75.42105263157895	1.8774925894445156	Metastatic
TCGA-EE-A29D-06	3030	79.73684210526316	1.901659031885495	Metastatic
TCGA-D3-A2JC-06	3085	81.1842105263158	1.9094715717524504	Metastatic
TCGA-GN-A266-06	3199	84.1842105263158	1.925230643467297	Metastatic
TCGA-D3-A8GM-06	3234	85.10526315789474	1.9299564189535723	Metastatic
TCGA-EE-A29E-06	3535	93.02631578947368	1.968605821516108	Metastatic
TCGA-D9-A6EC-06	3615	95.13157894736842	1.9783247050137396	Metastatic
TCGA-D3-A2JP-06	4070	107.10526315789474	2.02981081260841	Metastatic
TCGA-D3-A8GI-06	4191	110.28947368421052	2.042534064217034	Metastatic
TCGA-EE-A181-06	4457	117.28947368421052	2.069259037469366	Metastatic
TCGA-W3-AA1V-06	4458	117.3157894736842	2.0693564675274088	Metastatic
TCGA-FW-A3R5-06	15512	408.2105263157895	2.6108841994538388	Metastatic
